Slno,Instrument,Type,No,F,1218,1219,1222,1223,1224,1226,Dif,Percent,W
1,SILVERBEES,,0,0,193,191,200,203,209,217,17,7.83,4
1,HDFCSILVER,,500,0,194,191,201,203,210,218,17,7.80,4
3,SILVERIETF,,0,0,202,199,209,211,217,226,17,7.52,4
3,SBISILVER,,***,0,198,195,206,208,214,222,16,7.21,4
5,GOLDIETF,,0,0,114,113,115,118,117,118,3,2.54,1
5,GOLDETF,,0,0,129,129,131,133,133,134,3,2.24,1
7,HDFCGOLD,,***,0,114,113,115,117,117,117,2,1.71,0
7,SETFGOLD,,***,0,113,113,115,117,117,117,2,1.71,0
9,SETFGOLD,,***,0,113,113,115,117,117,117,2,1.71,0
9,SILVERETF,,0,0,196,193,202,205,0,0,0,0.00,0
11,IRFC,L,200,1,112,112,117,117,123,129,12,9.30,2
13,BDL,L,10,1,1343,1356,1424,1416,1442,1512,88,5.82,2
13,BEML,M,20,0,1678,1686,1796,1791,1849,1902,106,5.57,2
15,ASTRAMICRO,M,30,0,888,895,935,939,954,987,52,5.27,5
15,HAL,L,15,1,4263,4278,4383,4378,4430,4461,78,1.75,2
17,SAIL,L,0,0,130,126,130,130,134,132,2,1.52,0
17,BEL,L,0,1,385,389,399,397,401,405,6,1.48,2
19,IRCTC,L,0,1,667,670,682,683,683,692,10,1.45,1
19,COCHINSHIP,L,0,0,1512,1522,1672,1651,1662,1690,18,1.07,2
21,BHEL,L,0,1,275,277,282,281,283,285,3,1.05,2
21,ONGC,L,0,1,233,232,234,235,236,234,0,0.00,0
23,HINDCOPPER,,285,0,387,385,403,405,415,448,45,10.04,4
23,POCL,,0,0,1279,1290,1360,1357,1394,1447,87,6.01,2
25,SHRIRAMFIN,L,145,1,872,864,933,935,968,964,31,3.22,0
25,ULTRACEMCO,L,0,1,11496,11498,11531,11563,11696,11771,240,2.04,5
27,GVT&D,,8,0,2868,2864,3098,3066,3121,3160,62,1.96,2
27,ABB,L,0,1,5120,5166,5175,5168,5229,5240,65,1.24,2
29,MUTHOOTFIN,L,0,1,3769,3736,3791,3801,3818,3828,37,0.97,4
29,MCX,L,21,1,10190,10261,10828,10864,10883,10915,87,0.80,5
31,POLYCAB,L,0,1,7134,7234,7599,7590,7655,7652,53,0.69,0
31,ITC,L,0,1,401,401,403,403,408,405,2,0.49,0
33,M&M,L,0,1,3581,3590,3613,3614,3629,3630,17,0.47,5
33,HINDALCO,,20,0,861,858,864,868,868,866,2,0.23,0
35,UTIAMC,M,0,0,1135,1136,1129,1129,1133,1131,2,0.18,0
35,BIOCON,,170,1,394,398,399,402,404,399,0,0.00,0
37,FEDFINA,,150,0,140,139,148,147,148,148,0,0.00,0
37,ITDCEM,M,0,0,0,0,0,0,0,0,0,0.00,0
39,MOTHERSON,L,0,1,118,119,121,121,120,121,0,0.00,1
39,TATASTEEL,L,300,1,170,169,169,170,171,169,0,0.00,0
41,SBILIFE,L,40,1,2012,2015,2023,2028,2025,2021,-2,-0.10,0
41,QPOWER,,0,0,667,670,744,742,744,743,-1,-0.13,0
43,TITAN,L,10,1,3918,3925,3933,3952,3918,3927,-6,-0.15,1
43,HCLTECH,L,0,1,1658,1665,1670,1661,1673,1666,-4,-0.24,0
45,LTF,L,60,1,303,302,304,306,305,303,-1,-0.33,0
45,SIEMENS,L,0,1,3087,3100,3133,3120,3130,3120,-13,-0.42,0
47,TCS,L,73,1,3269,3305,3325,3304,3304,3305,-20,-0.61,1
47,SBIN,L,35,1,980,980,974,976,975,968,-6,-0.62,0
49,KNRCON,M,0,0,143,142,158,159,170,181,23,12.71,4
51,RVNL,,100,1,306,310,333,334,348,379,46,12.14,5
51,IRCON,M,150,0,151,151,157,158,173,178,21,11.80,4
53,JWL,M,0,0,256,257,312,305,343,349,37,10.60,2
53,RAILTEL,M,0,0,327,328,342,344,365,381,39,10.24,5
55,ISGEC,M,0,0,805,806,833,839,841,919,86,9.36,5
55,IRFC,L,200,0,112,112,117,117,123,129,12,9.30,2
57,JBMA,,0,0,549,564,573,571,624,630,57,9.05,2
57,STALLION,,0,0,206,198,203,204,202,222,19,8.56,1
59,OLAELEC,,0,0,31,33,34,34,35,37,3,8.11,2
59,RITES,,0,0,223,224,233,237,245,253,20,7.91,5
61,RPOWER,,0,0,38,38,35,35,37,38,3,7.89,2
61,TITAGARH,,20,0,776,777,819,816,860,886,67,7.56,2
63,IFCI,,0,0,47,47,49,49,53,53,4,7.55,0
63,MANAPPURAM,,300,0,289,286,294,295,299,317,23,7.26,4
65,CHOLAFIN,L,0,1,1687,1683,1581,1655,1681,1703,122,7.16,3
65,MOIL,M,0,0,322,322,329,332,343,354,25,7.06,4
67,AEROENTER,,0,0,79,79,86,87,92,92,6,6.52,0
67,APOLLO,S,0,0,229,229,250,260,267,267,17,6.37,0
69,TARC,M,0,0,149,147,152,151,150,162,10,6.17,1
69,TEXRAIL,M,0,0,123,124,132,132,137,140,8,5.71,2
71,ASHAPURMIN,,180,0,780,777,852,860,866,903,51,5.65,4
71,CASTROLIND,,0,0,183,182,184,186,186,195,11,5.64,1
73,DALBHARAT,,10,1,2044,2021,2015,2046,2063,2135,120,5.62,3
73,IIFL,,110,1,570,565,568,570,575,601,33,5.49,4
75,GMDCLTD,M,0,0,516,519,518,521,534,548,30,5.47,3
75,HBLENGINE,,0,0,794,828,850,845,875,899,49,5.45,2
77,WEBELSOLAR,M,0,0,83,82,87,86,92,92,5,5.43,0
77,CHOLAHLDNG,L,0,0,1794,1818,1817,1832,1869,1914,97,5.07,3
79,HINDZINC,L,205,1,591,582,606,608,619,638,32,5.02,4
79,COALINDIA,L,0,1,386,386,387,391,408,407,20,4.91,0
81,NMDC,L,200,1,77,76,79,79,82,83,4,4.82,2
81,INDOBORAX,,0,0,269,268,258,260,267,271,13,4.80,3
83,NSLNISP,,0,0,40,40,40,40,42,42,2,4.76,0
83,SAPPHIRE,,0,0,225,227,241,238,252,253,12,4.74,2
85,JKCEMENT,,0,0,5521,5466,5420,5501,5571,5689,269,4.73,3
85,OLECTRA,M,0,0,1145,1154,1183,1181,1228,1239,56,4.52,2
87,THERMAX,L,0,0,2834,2865,2872,2876,2946,3007,135,4.49,5
87,IGIL,,0,0,316,315,321,322,329,336,15,4.46,4
89,THELEELA,,0,0,408,417,416,415,417,435,19,4.37,2
89,SUNDARMFIN,L,10,0,4799,4776,4931,4905,5074,5156,225,4.36,2
91,PARAS,,0,0,628,624,660,662,682,689,29,4.21,4
91,NAZARA,M,0,0,234,233,228,228,245,238,10,4.20,0
93,DATAPATTNS,M,0,0,2512,2523,2609,2609,2682,2719,110,4.05,2
93,GILLETTE,,0,0,7969,7980,7988,8003,8072,8325,337,4.05,5
95,GPIL,M,0,0,238,236,241,243,257,251,10,3.98,0
95,NLCINDIA,L,0,0,237,238,241,241,253,251,10,3.98,0
97,SJVN,,0,0,70,70,73,73,75,76,3,3.95,2
97,GAEL,M,0,0,116,116,122,122,123,127,5,3.94,2
99,RECLTD,L,0,1,338,339,344,344,357,358,14,3.91,2
99,BAYERCROP,,0,0,4312,4305,4364,4379,4490,4539,175,3.86,4
101,DIVGIITTS,,0,0,593,594,578,592,595,601,23,3.83,3
101,CENTUM,,10,0,2183,2181,2311,2305,2403,2402,91,3.79,0
103,SARDAEN,,40,0,510,517,510,513,531,529,19,3.59,0
103,CUPID,,340,0,440,445,459,469,472,476,17,3.57,5
105,IREDA,L,0,1,132,132,136,136,139,141,5,3.55,2
105,ATHERENERG,,20,0,659,657,692,693,712,717,25,3.49,4
107,ARIHANTSUP,,0,0,307,304,305,306,313,316,11,3.48,4
107,DEVYANI,,0,0,126,128,140,138,146,145,5,3.45,0
109,MMTC,,0,0,54,55,56,57,58,58,2,3.45,0
109,RESPONIND,M,0,0,195,196,196,197,201,203,7,3.45,3
111,SHAKTIPUMP,M,0,0,726,721,711,721,747,736,25,3.40,0
111,NATIONALUM,L,550,1,282,280,290,292,293,300,10,3.33,4
113,HEG,,0,0,524,524,530,535,546,548,18,3.28,4
113,HONASA,,0,0,256,261,267,267,274,276,9,3.26,2
115,ABLBL,,0,0,123,124,119,119,120,123,4,3.25,2
115,MSTCLTD,,0,0,463,464,478,480,492,494,16,3.24,5
117,AFFLE,L,0,0,1665,1684,1708,1711,1772,1765,57,3.23,0
117,GRSE,L,0,0,2232,2249,2423,2408,2458,2504,81,3.23,2
119,IFBIND,M,0,0,1560,1566,1578,1572,1641,1629,51,3.13,0
119,PFC,L,0,1,336,338,343,343,357,354,11,3.11,0
121,NCC,M,0,1,155,154,157,156,161,162,5,3.09,2
121,ACI,M,0,0,488,501,517,517,514,533,16,3.00,1
123,VEDL,L,230,1,579,577,586,587,590,604,18,2.98,4
123,SUNTV,L,0,0,552,551,555,557,568,572,17,2.97,4
125,HIRECT,,0,0,1432,1417,1441,1444,1485,1485,44,2.96,0
125,CHOICEIN,,0,0,777,774,790,792,810,814,24,2.95,4
127,360ONE,L,40,1,1141,1146,1168,1167,1190,1203,35,2.91,2
127,ANANDRATHI,M,12,0,2992,3000,3001,3001,3056,3091,90,2.91,2
129,MAHASTEEL,,0,0,0,0,870,892,906,896,26,2.90,0
129,INDUSTOWER,L,0,1,410,412,412,412,416,424,12,2.83,2
131,SONATSOFTW,M,0,0,340,344,352,353,360,362,10,2.76,5
131,CUB,M,0,0,274,276,283,284,290,291,8,2.75,5
133,SCI,M,0,0,207,205,214,215,218,220,6,2.73,4
133,DEEPAKNTR,,15,0,1598,1583,1681,1673,1694,1728,47,2.72,2
135,EIDPARRY,M,0,0,1021,1022,1037,1047,1068,1066,29,2.72,0
135,PNBHOUSING,L,50,1,904,903,935,933,933,961,26,2.71,1
137,SDBL,S,0,0,104,105,108,107,108,111,3,2.70,2
137,VESUVIUS,S,0,0,462,462,468,467,480,481,13,2.70,2
139,NYKAA,,0,0,244,246,254,253,259,261,7,2.68,2
139,RKFORGE,M,0,0,486,484,508,514,521,522,14,2.68,4
141,MTARTECH,,0,0,2258,2331,2453,2434,2417,2519,66,2.62,1
141,ELECTCAST,M,0,0,75,74,75,75,78,77,2,2.60,0
143,CANFINHOME,M,50,0,927,914,940,937,927,965,25,2.59,1
143,JKTYRE,M,45,0,458,467,491,491,512,504,13,2.58,0
145,AFCONS,M,0,0,386,378,380,379,383,390,10,2.56,2
145,JYOTICNC,,0,0,911,925,961,961,978,986,25,2.54,2
147,NBCC,L,0,1,109,109,116,116,117,119,3,2.52,2
147,TRIVENI,,0,0,369,371,390,394,400,400,10,2.50,0
149,ESCORTS,L,0,0,3603,3661,3639,3698,3718,3732,93,2.49,3
149,ENGINERSIN,M,0,0,195,195,199,200,202,204,5,2.45,4
151,JSWINFRA,L,0,0,274,274,279,280,288,286,7,2.45,0
151,MAZDOCK,L,0,1,2376,2387,2544,2528,2527,2608,64,2.45,1
153,GRANULES,M,115,1,581,592,601,600,618,616,15,2.44,0
153,POLICYBZR,L,0,1,1823,1840,1879,1880,1915,1926,47,2.44,5
155,EMCURE,L,0,0,1385,1403,1380,1392,1451,1414,34,2.40,0
155,JINDALSAW,M,0,0,165,163,164,165,169,168,4,2.38,0
157,IRB,,0,0,41,41,42,42,43,43,1,2.33,0
157,TRENT,L,0,1,4026,4059,4201,4211,4213,4298,97,2.26,5
159,LLOYDSME,L,0,0,1305,1325,1351,1354,1390,1382,31,2.24,0
159,KRBL,,0,0,391,390,394,395,402,403,9,2.23,4
161,AAVAS,M,0,0,1455,1457,1460,1461,1478,1493,33,2.21,5
161,KPIL,,0,0,1146,1137,1170,1173,1178,1196,26,2.17,4
163,BERGEPAINT,,0,0,533,536,543,547,545,555,12,2.16,1
163,NTPCGREEN,,0,0,90,90,91,90,91,93,2,2.15,2
165,VIJAYA,,0,0,980,992,1006,1008,1019,1028,22,2.14,5
165,DCMSHRIRAM,M,0,0,1222,1221,1243,1240,1260,1269,26,2.05,2
167,JMFINANCIL,M,0,0,143,141,143,144,145,146,3,2.05,4
167,LAURUSLABS,,115,1,1012,1040,1064,1070,1078,1086,22,2.03,5
169,KALYANKJIL,L,0,1,473,474,485,487,489,495,10,2.02,5
169,PTCIL,,0,0,16730,16972,17771,17830,18325,18138,367,2.02,0
171,AMBUJACEM,L,0,1,540,538,540,557,551,551,11,2.00,0
171,IDBI,L,150,0,98,98,100,100,100,102,2,1.96,1
173,WHEELS,,0,0,842,837,852,857,861,869,17,1.96,4
173,ARVINDFASN,,0,0,499,500,505,505,514,515,10,1.94,2
175,VENTIVE,,0,0,705,704,706,708,712,720,14,1.94,4
175,MEDANTA,L,0,0,1131,1146,1167,1165,1184,1190,23,1.93,2
177,ECLERX,,0,0,4462,4500,4653,4643,4754,4744,91,1.92,0
177,GMRAIRPORT,,0,1,100,102,102,102,106,104,2,1.92,0
179,NAUKRI,L,0,1,1343,1333,1343,1335,1370,1369,26,1.90,0
179,NAUKRI,,0,0,1343,1333,1343,1335,1370,1369,26,1.90,0
181,NUVOCO,,0,0,354,352,363,361,364,370,7,1.89,2
181,SHREECEM,L,0,1,25840,25425,25700,25650,25880,26190,490,1.87,2
183,DEEPAKFERT,L,0,0,1200,1195,1236,1246,1249,1259,23,1.83,4
183,HUDCO,L,0,1,208,208,215,215,217,219,4,1.83,2
185,CARERATING,M,10,0,1542,1546,1562,1563,1595,1591,29,1.82,0
185,EDELWEISS,M,0,0,106,106,108,108,110,110,2,1.82,0
187,POWERMECH,M,0,0,2268,2288,2323,2328,2353,2366,43,1.82,5
187,APOLLOHOSP,L,0,1,6942,6953,7057,7045,7068,7186,129,1.80,2
189,PETRONET,L,0,1,269,269,276,277,281,281,5,1.78,0
189,MAFANG,,0,0,170,165,167,169,168,170,3,1.76,1
191,ABBOTINDIA,,0,0,27915,27925,28015,28000,28070,28505,490,1.72,2
191,PGEL,,0,1,570,572,580,578,580,590,10,1.69,2
193,HSCL,L,0,0,465,463,484,486,481,492,8,1.63,1
193,AARTIIND,,0,0,367,365,375,377,384,381,6,1.57,0
195,VOLTAS,,10,1,1423,1413,1385,1384,1381,1407,22,1.56,1
195,HFCL,,0,0,65,65,64,64,67,65,1,1.54,0
197,RAMCOCEM,,0,0,1052,1054,1059,1056,1052,1075,16,1.49,1
197,SHRIPISTON,M,0,0,2990,3088,3165,3179,3175,3213,48,1.49,1
199,ASTERDM,,0,0,592,602,598,598,593,607,9,1.48,1
199,CHAMBLFERT,L,30,0,434,438,465,463,469,472,7,1.48,2
201,ARTEMISMED,,0,0,281,278,271,270,274,275,4,1.45,2
201,SHYAMMETL,L,0,0,804,801,815,825,828,827,12,1.45,0
203,JSWENERGY,,0,0,472,473,479,478,486,486,7,1.44,0
203,SKFINDIA,L,0,0,1783,1764,1777,1784,1778,1803,26,1.44,1
205,CSBBANK,M,0,0,390,391,416,413,411,422,6,1.42,1
205,KPIGREEN,M,0,0,422,421,420,420,423,426,6,1.41,2
207,RCF,,0,0,138,138,140,141,143,142,2,1.41,0
207,GRAVITA,M,0,0,1817,1810,1846,1840,1842,1872,26,1.39,2
209,FACT,,0,0,854,852,871,873,888,883,12,1.36,0
209,INDIACEM,,0,0,436,428,440,439,443,446,6,1.35,2
211,PRESTIGE,L,0,1,1608,1617,1602,1606,1606,1624,22,1.35,1
211,BLUESTARCO,L,0,1,1860,1856,1766,1759,1781,1790,24,1.34,2
213,IONEXCHANG,M,0,0,370,372,376,375,377,381,5,1.31,2
213,OBEROIRLTY,L,0,1,1668,1672,1662,1672,1674,1684,22,1.31,3
215,ABSLAMC,L,0,0,782,779,762,767,777,772,10,1.30,0
215,LICHSGFIN,L,0,1,528,530,534,534,535,541,7,1.29,2
217,TANLA,M,0,0,561,554,539,545,549,546,7,1.28,0
217,ATUL,,0,0,5777,5820,5989,5978,6066,6066,77,1.27,0
219,FUSION,,0,0,151,151,160,160,162,162,2,1.23,0
219,SYRMA,M,0,0,715,714,728,722,737,737,9,1.22,0
221,FLUOROCHEM,,0,0,3486,3521,3586,3601,3610,3630,44,1.21,5
221,NELCO,S,0,0,722,729,739,745,758,748,9,1.20,0
223,AGARWALEYE,,0,0,497,496,500,504,502,506,6,1.19,1
223,BHARTIHEXA,L,0,0,1740,1770,1788,1805,1805,1809,21,1.16,1
225,GODIGIT,,0,0,343,339,340,341,345,344,4,1.16,0
225,GSFC,M,0,0,170,171,176,176,179,178,2,1.12,0
227,POWERGRID,L,0,1,256,260,265,266,268,268,3,1.12,0
227,SRF,,24,0,3048,3045,3089,3069,3107,3124,35,1.12,2
229,BSOFT,M,435,0,433,435,450,450,452,455,5,1.10,2
229,CREDITACC,,0,0,1267,1274,1301,1308,1303,1315,14,1.06,1
231,SUPRIYA,M,0,0,733,738,748,745,760,756,8,1.06,0
231,GRAPHITE,M,0,0,527,532,565,566,573,571,6,1.05,0
233,ASALCBR,,0,0,943,937,953,953,953,963,10,1.04,1
233,PHOENIXLTD,L,35,1,1797,1808,1847,1841,1848,1866,19,1.02,2
235,KFINTECH,L,0,1,1052,1072,1081,1066,1097,1092,11,1.01,0
235,M&MFIN,L,270,0,364,367,392,399,389,396,4,1.01,1
237,TECHNOE,M,0,0,1059,1068,1091,1106,1118,1102,11,1.00,0
237,CONCOR,,0,1,499,500,508,508,514,513,5,0.97,0
239,RADICO,L,0,0,3135,3152,3274,3247,3273,3306,32,0.97,2
239,GALLANTT,M,0,0,522,512,516,515,520,521,5,0.96,2
241,MASFIN,M,0,0,313,318,317,317,325,320,3,0.94,0
241,SBFC,M,0,0,104,103,105,105,106,106,1,0.94,0
243,SKIPPER,M,0,0,421,424,426,425,428,430,4,0.93,2
243,BRIGADE,L,0,0,865,869,873,869,877,881,8,0.91,2
245,SUMICHEM,L,0,0,449,444,455,454,460,459,4,0.87,0
245,CAPLIPOINT,M,0,0,1917,1926,1957,1953,1978,1974,17,0.86,0
247,WELCORP,L,0,0,787,784,803,806,815,810,7,0.86,0
247,WELCORP,L,0,0,787,784,803,806,815,810,7,0.86,0
249,GRASIM,L,14,1,2817,2825,2809,2814,2837,2833,24,0.85,0
249,BLUEDART,,0,0,5258,5327,5432,5420,5475,5477,45,0.82,2
251,CONCORDBIO,M,0,0,1331,1362,1331,1333,1343,1342,11,0.82,0
251,DBREALTY,,0,0,116,116,121,121,125,122,1,0.82,0
253,AGI,M,0,0,718,720,731,733,739,737,6,0.81,0
253,EXIDEIND,,0,0,361,361,366,366,372,369,3,0.81,0
255,HDFCBANK,L,0,1,983,982,987,989,997,995,8,0.80,0
255,EICHERMOT,L,0,1,7101,7141,7297,7320,7270,7355,58,0.79,1
257,INOXWIND,L,0,1,126,125,127,127,129,128,1,0.78,0
257,MANINFRA,M,0,0,128,128,130,129,131,131,1,0.76,0
259,GODREJCP,L,0,1,1176,1181,1186,1187,1197,1195,9,0.75,0
259,OIL,L,0,1,399,401,405,407,412,408,3,0.74,0
261,SUNFLAG,M,0,0,261,259,267,267,268,269,2,0.74,2
261,SURYAROSNI,M,50,0,269,265,267,269,273,269,2,0.74,0
263,TRITURBINE,M,0,0,523,523,536,536,541,540,4,0.74,0
263,GODREJIND,,0,0,1002,1011,996,991,1007,1003,7,0.70,0
265,RBLBANK,M,0,1,300,300,303,303,308,305,2,0.66,0
265,SASTASUNDR,,0,0,301,305,301,299,308,303,2,0.66,0
267,VINATIORGA,,0,0,1550,1565,1580,1586,1588,1590,10,0.63,5
267,NTPC,L,0,1,318,319,321,322,325,323,2,0.62,0
269,FINPIPE,,0,0,165,165,168,168,170,169,1,0.59,0
269,MANKIND,L,0,1,2131,2163,2183,2207,2241,2196,13,0.59,0
271,AIIL,L,0,0,2723,2727,2906,2887,2915,2923,17,0.58,2
271,DLF,L,0,1,684,684,692,690,698,696,4,0.57,0
273,SAREGAMA,M,0,0,352,348,348,347,350,350,2,0.57,0
273,KOTAKBANK,L,0,1,2174,2170,2149,2155,2172,2161,12,0.56,0
275,KOTAKBANK,L,0,0,2174,2170,2149,2155,2172,2161,12,0.56,0
275,PREMIERENE,L,0,0,899,904,885,885,901,890,5,0.56,0
277,GICRE,L,0,0,363,363,371,372,370,373,2,0.54,1
277,HOMEFIRST,M,0,0,1157,1149,1110,1125,1132,1116,6,0.54,0
279,TIINDIA,,0,0,2595,2600,2596,2564,2603,2610,14,0.54,2
279,TIMETECHNO,M,0,0,187,185,185,185,185,186,1,0.54,1
281,CENTURYPLY,,0,0,820,819,827,837,834,831,4,0.48,0
281,STEELCAS,,0,0,204,204,208,208,211,209,1,0.48,0
283,METROPOLIS,,0,0,1881,1881,1891,1896,1895,1900,9,0.47,1
283,CHALET,,0,0,852,863,867,869,885,871,4,0.46,0
285,FORCEMOT,M,3,0,17265,17941,18349,18224,18366,18434,85,0.46,2
285,SOLARINDS,L,0,1,11785,11794,12640,12552,12566,12696,56,0.44,2
287,ACMESOLAR,,100,0,232,234,235,234,239,236,1,0.42,0
287,DHANUKA,M,0,0,1176,1181,1191,1190,1197,1196,5,0.42,0
289,POONAWALLA,,0,0,440,442,470,471,473,472,2,0.42,0
289,AADHARHFC,,0,0,480,481,488,488,482,490,2,0.41,1
291,AADHARHFC,L,0,0,480,481,488,488,482,490,2,0.41,1
291,APLAPOLLO,L,40,1,1791,1802,1858,1859,1869,1865,7,0.38,0
293,AJANTPHARM,L,10,0,2564,2632,2700,2710,2754,2710,10,0.37,0
293,BOSCHLTD,L,0,1,35780,35825,36110,36140,36305,36240,130,0.36,0
295,MPHASIS,L,0,1,2894,2894,2882,2881,2932,2892,10,0.35,0
295,GSPL,,0,0,281,283,294,298,297,295,1,0.34,0
297,TATACOMM,,0,0,1806,1812,1797,1801,1800,1803,6,0.33,1
297,ICICIGI,L,0,1,1952,1945,1951,1951,1958,1957,6,0.31,0
299,ICICIPRULI,,0,1,638,650,650,650,651,652,2,0.31,2
299,IIFLCAPS,M,0,0,314,312,329,340,336,330,1,0.30,0
301,ZENTEC,M,0,0,1349,1347,1393,1406,1397,1397,4,0.29,0
301,JUBLINGREA,,0,0,679,678,712,714,728,714,2,0.28,0
303,TCI,M,0,0,1022,1046,1064,1067,1070,1067,3,0.28,0
303,INDIAMART,M,0,0,2244,2278,2219,2223,2264,2225,6,0.27,0
305,UPL,,0,0,747,746,777,777,781,779,2,0.26,0
305,WAAREEENER,L,0,0,2858,2958,3057,3037,3086,3065,8,0.26,0
307,AIAENG,,0,0,3779,3790,3920,3852,3900,3930,10,0.25,2
307,COROMANDEL,L,0,0,2252,2246,2404,2369,2416,2410,6,0.25,0
309,HGINFRA,M,0,0,733,723,788,790,806,790,2,0.25,0
309,BHARATFORG,L,10,1,1408,1421,1455,1450,1463,1458,3,0.21,0
311,KSCL,,0,0,956,945,973,980,984,975,2,0.21,0
311,TI,M,0,0,441,449,467,468,470,468,1,0.21,0
313,ADANIGREEN,L,0,1,1019,1016,1020,1019,1020,1022,2,0.20,2
313,RAYMONDREL,,0,0,472,470,487,489,496,488,1,0.20,0
315,ATGL,,0,0,580,583,569,567,563,570,1,0.18,1
315,MAHSEAMLES,M,0,0,565,562,550,554,557,551,1,0.18,0
317,SIGNATURE,,15,0,1142,1138,1139,1142,1141,1141,2,0.18,0
317,ASTRAZEN,,0,0,9059,9120,9143,9156,9147,9158,15,0.16,1
319,KPITTECH,L,0,1,1167,1176,1227,1228,1234,1229,2,0.16,0
319,PGHH,,0,0,12886,12900,12951,12980,13001,12972,21,0.16,0
321,HAVELLS,L,0,1,1409,1411,1430,1428,1427,1432,2,0.14,1
321,INDHOTEL,L,0,1,720,730,740,740,738,741,1,0.13,1
323,JSL,L,0,1,794,790,791,797,796,792,1,0.13,0
323,UNIVCABLES,S,0,0,849,846,893,890,887,894,1,0.11,1
325,TORNTPHARM,L,18,1,3735,3790,3816,3790,3829,3820,4,0.10,0
325,DIVISLAB,L,5,1,6398,6594,6512,6528,6511,6518,6,0.09,1
327,ENRIN,,0,0,2840,2827,2615,2648,2603,2617,2,0.08,1
327,GULFOILLUB,M,15,0,1197,1195,1219,1217,1210,1220,1,0.08,1
329,PAYTM,,0,1,1283,1291,1328,1327,1346,1329,1,0.08,0
329,WOCKPHARMA,,0,0,1375,1429,1443,1461,1441,1444,1,0.07,1
331,AZAD,M,0,0,1573,1577,1663,1697,1658,1664,1,0.06,1
331,JBCHEPHARM,L,0,0,1780,1798,1808,1803,1809,1809,1,0.06,0
333,ONESOURCE,,0,0,1602,1647,1705,1694,1701,1706,1,0.06,2
333,AMBER,,0,1,6619,6614,6700,6671,6695,6703,3,0.04,2
337,AARTIND,,0,0,0,0,0,0,0,0,0,0.00,0
339,AAVAR,,0,0,0,0,0,0,0,0,0,0.00,0
339,ABFRL,,0,0,75,76,78,78,79,78,0,0.00,0
341,ACE,M,0,0,932,927,955,958,972,955,0,0.00,0
341,ADANIPOWER,L,0,0,142,142,143,143,143,143,0,0.00,0
343,AKUMS,,0,0,422,424,445,454,449,445,0,0.00,0
343,ALOKINDS,,0,0,16,16,16,16,17,16,0,0.00,0
345,ANANTRAJ,M,0,0,533,535,561,559,558,561,0,0.00,1
345,APTUS,M,0,0,288,282,282,282,282,282,0,0.00,0
347,ASAHIINDIAA,S,0,0,0,0,0,0,0,0,0,0.00,0
349,BANSALWIRE,M,0,0,311,312,315,312,0,312,0,0.00,1
349,BLUSPRING,,0,0,65,65,67,67,68,67,0,0.00,0
353,CANBK,L,0,1,150,150,150,151,150,150,0,0.00,0
355,CENTRALBK,,0,0,36,36,37,37,37,37,0,0.00,0
355,CESC,,0,0,165,167,168,168,168,168,0,0.00,0
357,CGCL,M,0,0,178,178,178,178,179,178,0,0.00,0
357,DRAGARWQ,,0,0,0,0,0,0,0,0,0,0.00,0
359,E2E,,0,0,2010,2037,2070,2075,2116,2070,0,0.00,0
359,EMBASSY,M,0,0,0,0,0,0,0,0,0,0.00,0
361,EXCELINDUS,S,0,0,917,930,937,941,0,938,0,0.00,1
361,GANESHHOUC,M,0,0,0,0,0,0,0,0,0,0.00,0
363,GVTD,,0,0,0,0,0,0,0,0,0,0.00,0
363,HUHTAMAKI,,0,0,205,207,211,211,212,211,0,0.00,0
365,IDEA,,0,0,11,11,12,12,12,12,0,0.00,0
365,IDFCFIRSTB,,850,0,84,84,85,85,85,85,0,0.00,0
367,IOB,,0,0,35,34,34,34,34,34,0,0.00,0
367,ITI,,0,0,297,324,312,311,313,312,0,0.00,0
369,JIOFIN,L,0,1,293,296,299,299,301,299,0,0.00,0
369,JIOFIN,,0,0,293,296,299,299,301,299,0,0.00,0
371,JPPOWER,,0,0,18,18,18,18,18,18,0,0.00,0
371,KIRLFER,,0,0,0,0,0,0,0,0,0,0.00,0
373,MANGCHEFER,S,0,0,0,0,0,0,0,0,0,0.00,0
373,MINDSPACE,,0,0,0,0,0,0,0,0,0,0.00,0
375,MOQUALITY,,0,0,197,197,200,201,0,202,0,0.00,1
375,MOTHERSON,L,0,0,118,119,121,121,120,121,0,0.00,1
377,MRF,,0,0,0,0,0,0,0,0,0,0.00,0
377,MVGJL,S,0,0,177,176,182,184,184,182,0,0.00,0
379,NHPC,,0,0,75,75,78,77,79,78,0,0.00,0
381,NIVABUPA,,0,0,75,75,76,76,76,76,0,0.00,0
381,NSIL,,0,0,6518,6525,6580,6587,6611,6580,0,0.00,0
383,PARADEEP,M,0,0,154,154,161,160,161,161,0,0.00,0
383,PPLPHARMA,,0,0,167,170,177,177,180,177,0,0.00,0
385,PTC,M,0,0,159,157,158,158,160,158,0,0.00,0
385,RELINFRA,M,0,0,165,172,0,0,0,0,0,0.00,0
387,RHIM,,0,0,440,443,450,454,453,450,0,0.00,0
387,SAGILITY,,0,0,51,51,53,53,53,53,0,0.00,0
389,SBC,,***,0,28,28,28,28,28,28,0,0.00,0
389,SBICARD,,0,0,848,855,872,874,869,872,0,0.00,1
391,SENCO,,0,0,316,311,318,317,320,318,0,0.00,0
393,SMLISUZU,,0,0,0,0,0,0,0,0,0,0.00,0
393,SSWL,,0,0,189,191,191,191,196,191,0,0.00,0
395,SSWL,,0,0,189,191,191,191,196,191,0,0.00,0
395,SUNDARMHLD,M,0,0,0,0,0,0,0,0,0,0.00,0
397,SUNDARMHLD,,0,0,0,0,0,0,0,0,0,0.00,0
397,SUNTECK,M,0,0,389,390,415,417,416,415,0,0.00,0
399,SUZLON,L,0,1,52,52,54,53,54,54,0,0.00,0
399,SWANENERGY,M,0,0,0,0,0,0,0,0,0,0.00,0
401,TATAMOTORS,L,0,1,0,0,0,0,0,0,0,0.00,0
401,TFCILTD,S,0,0,66,64,65,65,65,65,0,0.00,0
403,TMB,M,0,0,510,506,506,507,510,506,0,0.00,0
403,TMPV,,0,0,346,352,359,358,364,359,0,0.00,0
405,TORNTPOWER,L,0,1,1261,1262,1286,1288,1289,1286,0,0.00,0
405,TRIDENT,,0,0,27,27,27,27,27,27,0,0.00,0
407,TTML,,0,0,50,50,50,50,50,50,0,0.00,0
407,UCOBANK,,0,0,29,29,29,29,29,29,0,0.00,0
409,VMM,,0,0,133,133,137,137,137,137,0,0.00,0
409,WCIL,S,0,0,120,121,123,123,123,123,0,0.00,0
411,YESBANK,,0,0,22,22,22,22,22,22,0,0.00,0
411,ZEEL,,0,0,91,92,92,92,92,92,0,0.00,0
413,CRAFTSMAN,,0,0,6964,7082,7057,7084,7086,7052,-5,-0.07,0
413,BATAINDIA,,0,0,939,943,948,949,952,947,-1,-0.11,0
415,GANECOS,,0,0,890,887,874,873,868,873,-1,-0.11,1
415,UNIMECH,,0,0,903,910,936,939,941,935,-1,-0.11,0
417,BAJAJ-AUTO,L,0,1,8809,8882,9152,9155,9102,9141,-11,-0.12,1
417,TATACHEM,,0,0,752,752,769,771,777,768,-1,-0.13,0
419,VMART,,0,0,754,755,742,740,748,741,-1,-0.13,0
419,MARUTI,L,3,1,16339,16380,16677,16705,16593,16649,-28,-0.17,1
421,TATACONSUM,L,45,1,1177,1177,1179,1177,1185,1177,-2,-0.17,0
421,TRANSRAILL,,0,0,575,581,599,602,608,598,-1,-0.17,0
423,MAXHEALTH,L,0,1,1052,1066,1078,1075,1074,1076,-2,-0.19,1
423,BAJFINANCE,L,0,1,1009,1009,1007,1011,1014,1005,-2,-0.20,0
425,ARE&M,M,0,0,919,926,927,927,937,925,-2,-0.22,0
425,BALRAMCHIN,,0,0,447,442,440,443,442,439,-1,-0.23,0
427,DOMS,,0,0,2531,2543,2577,2582,2578,2571,-6,-0.23,0
427,KEI,L,0,1,4080,4148,4440,4430,4426,4430,-10,-0.23,1
429,MOTILALOFS,L,0,0,863,859,887,880,879,885,-2,-0.23,1
429,DELHIVERY,,0,1,401,404,409,409,414,408,-1,-0.25,0
431,HEROMOTOCO,L,0,1,5747,5785,5698,5721,5744,5684,-14,-0.25,0
431,TATAPOWER,L,0,1,376,376,381,381,382,380,-1,-0.26,0
433,MARICO,,0,0,741,734,740,737,735,738,-2,-0.27,1
433,ABCAPITAL,L,0,1,348,346,347,347,348,346,-1,-0.29,0
435,SKYGOLD,,0,0,320,323,332,335,333,331,-1,-0.30,0
435,NAVINFLUOR,,0,0,5816,5814,5882,5908,6003,5863,-19,-0.32,0
437,SUNDRMFAST,L,0,0,928,930,940,943,943,937,-3,-0.32,0
437,CRISIL,,0,0,4319,4345,4321,4310,4284,4307,-14,-0.33,1
439,GENUSPOWER,M,0,0,298,297,304,304,305,303,-1,-0.33,0
439,AJAXENGG,,0,0,590,609,598,601,604,596,-2,-0.34,0
441,DMART,L,0,1,3780,3780,3819,3813,3826,3806,-13,-0.34,0
441,PAGEIND,,0,0,35955,35920,36705,36670,36600,36580,-125,-0.34,0
443,PIDILITIND,L,0,1,1451,1452,1458,1461,1460,1453,-5,-0.34,0
443,APLLTD,,0,0,840,853,855,856,857,852,-3,-0.35,0
445,CARBORUNIV,,0,0,844,847,853,846,859,850,-3,-0.35,0
445,LTTS,,0,0,4524,4605,4636,4620,4685,4620,-16,-0.35,0
447,REDINGTON,L,0,0,271,271,275,274,275,274,-1,-0.36,0
447,TBOTEK,M,0,0,1651,1691,1690,1698,1700,1684,-6,-0.36,0
449,KIRLOSBROS,M,0,0,1628,1603,1640,1648,1623,1634,-6,-0.37,1
449,HDFCAMC,L,0,1,2692,2711,2667,2670,2716,2657,-10,-0.38,0
451,CROMPTON,,0,0,260,255,259,259,260,258,-1,-0.39,0
451,CAMS,L,0,1,743,753,762,763,765,759,-3,-0.40,0
453,NESTLEIND,,0,0,1239,1233,1259,1257,1253,1254,-5,-0.40,1
453,AKZOINDIA,,0,0,3145,3112,3153,3150,3146,3140,-13,-0.41,0
455,BAJAJHLDNG,L,0,0,11012,11069,11247,11236,11230,11200,-47,-0.42,0
455,UBL,,0,0,1592,1588,1618,1623,1609,1611,-7,-0.43,1
457,ZYDUSLIFE,L,0,1,915,926,918,917,931,914,-4,-0.44,0
457,TATATECH,L,0,1,645,648,663,663,663,660,-3,-0.45,0
459,EPL,M,0,0,211,212,214,214,215,213,-1,-0.47,0
459,INDUSINDBK,,0,0,840,835,856,859,847,852,-4,-0.47,1
461,INNOVANA,X,0,0,423,430,425,0,430,428,-2,-0.47,0
461,GABRIEL,M,0,0,1032,1068,1055,1050,1058,1050,-5,-0.48,0
463,SUPREMEIND,,0,1,3353,3373,3340,3328,3346,3324,-16,-0.48,0
463,BASF,,0,0,3836,3840,3934,3920,3914,3915,-19,-0.49,1
465,LTFOODS,M,0,0,393,396,405,404,403,403,-2,-0.50,0
465,AUBANK,L,60,1,987,988,985,986,984,980,-5,-0.51,0
467,ITCHOTELS,,0,0,191,192,196,196,195,195,-1,-0.51,0
467,COLPAL,L,0,1,2082,2088,2107,2103,2109,2096,-11,-0.52,0
469,ENTERO,S,0,0,980,977,969,967,964,964,-5,-0.52,0
469,IKS,,0,0,1654,1654,1744,1745,1754,1735,-9,-0.52,0
471,JKIL,M,0,0,552,553,581,580,598,578,-3,-0.52,0
471,KSB,M,0,0,730,744,778,777,777,774,-4,-0.52,0
473,CIPLA,L,0,1,1504,1511,1512,1520,1507,1504,-8,-0.53,0
473,HINDUNILVR,L,0,1,2276,2269,2288,2287,2294,2276,-12,-0.53,0
475,BIKAJI,,0,0,744,743,751,753,746,747,-4,-0.54,1
475,KEC,,0,0,704,703,745,747,744,741,-4,-0.54,0
477,PATANJALI,,0,0,553,552,551,549,549,548,-3,-0.55,0
477,COHANCE,,0,0,524,539,538,536,536,535,-3,-0.56,0
479,UNITDSPR,L,0,1,1394,1396,1430,1438,1427,1422,-8,-0.56,0
479,ASHOKLEY,L,0,1,170,171,177,176,177,176,-1,-0.57,0
481,AXISBANK,L,0,1,1235,1239,1232,1234,1233,1225,-7,-0.57,0
481,AUROPHARMA,L,80,1,1211,1236,1223,1226,1222,1216,-7,-0.58,0
483,GAIL,L,0,1,168,168,172,172,173,171,-1,-0.58,0
483,JINDALSTEL,L,0,1,992,991,1001,1002,1006,995,-6,-0.60,0
485,DABUR,,0,0,492,494,494,493,494,491,-3,-0.61,0
485,SOBHA,,0,0,1451,1450,1483,1475,1496,1474,-9,-0.61,0
487,SYNGENE,,0,0,655,663,658,659,659,654,-4,-0.61,0
487,JSWSTEEL,,0,0,1088,1083,1094,1095,1099,1087,-7,-0.64,0
489,PCBL,M,0,0,311,311,308,320,310,306,-2,-0.65,0
489,NIACL,,0,0,160,160,153,154,153,152,-1,-0.66,0
491,TARIL,M,0,0,282,284,297,295,305,295,-2,-0.68,0
491,INNOVACAP,S,0,0,693,698,726,724,723,721,-5,-0.69,0
493,THOMASCOOK,M,0,0,141,142,145,145,145,144,-1,-0.69,0
493,ADANIENSOL,L,0,1,983,978,1008,1012,999,1001,-7,-0.70,1
495,JUBLFOOD,,0,0,559,561,568,567,563,564,-4,-0.71,1
495,JYOTHYLAB,M,0,0,285,284,283,284,284,281,-2,-0.71,0
497,LICI,L,0,1,842,848,856,856,856,850,-6,-0.71,0
497,LICI,L,0,0,842,848,856,856,856,850,-6,-0.71,0
499,SAMMAANCAP,,0,0,146,145,142,142,142,141,-1,-0.71,0
499,ZYDUSWELL,M,0,0,425,425,428,430,430,425,-3,-0.71,0
501,GESHIP,M,0,0,1118,1119,1112,1127,1107,1104,-8,-0.72,0
501,HYUNDAI,L,0,0,2273,2295,2322,2320,2309,2305,-17,-0.74,0
503,LT,L,7,1,4057,4063,4071,4092,4071,4041,-30,-0.74,0
503,WELSPUNLIV,M,0,0,133,136,136,138,136,135,-1,-0.74,0
505,KRISHANA,S,0,0,519,523,539,545,540,535,-4,-0.75,0
505,VRLLOG,M,0,0,266,267,269,269,270,267,-2,-0.75,0
507,GUJGASLTD,,0,0,382,384,397,395,395,394,-3,-0.76,0
507,UNOMINDA,L,0,1,1233,1236,1295,1295,1294,1285,-10,-0.78,0
509,APOLLOTYRE,L,0,0,499,495,510,510,510,506,-4,-0.79,0
509,BAJAJFINSV,L,0,1,2033,2046,2050,2050,2048,2034,-16,-0.79,0
511,PNCINFRA,M,0,0,247,247,256,255,258,254,-2,-0.79,0
511,ADANIPORTS,L,0,1,1491,1501,1507,1510,1502,1495,-12,-0.80,0
513,KARURVYSYA,L,0,0,248,249,253,255,250,251,-2,-0.80,1
513,TIMKEN,,0,0,3018,3027,3082,3085,3050,3057,-25,-0.82,1
515,LTIM,L,0,1,6216,6103,6191,6174,6197,6140,-51,-0.83,0
515,PNB,L,0,1,119,119,122,122,121,121,-1,-0.83,0
517,PNB,L,0,0,119,119,122,122,121,121,-1,-0.83,0
517,GODREJPROP,L,0,1,2006,2015,2029,2024,2027,2012,-17,-0.84,0
519,ASIANPAINT,L,0,1,2769,2774,2805,2792,2806,2781,-24,-0.86,0
519,CMSINFO,M,0,0,346,350,350,347,351,347,-3,-0.86,0
521,ADANIENT,L,0,1,2242,2246,2260,2261,2250,2240,-20,-0.89,0
521,GHCL,M,0,0,566,565,568,570,572,563,-5,-0.89,0
523,KAYNES,L,0,1,4113,4060,4189,4169,4168,4152,-37,-0.89,0
523,RAINBOW,M,0,0,1310,1317,1358,1348,1368,1346,-12,-0.89,0
525,TEJASNET,,0,0,447,448,453,453,453,449,-4,-0.89,0
525,THYROCARE,,0,0,435,436,453,447,451,449,-4,-0.89,0
527,CGPOWER,L,0,1,667,666,671,667,667,665,-6,-0.90,0
527,FIVESTAR,L,0,0,591,586,561,564,560,556,-5,-0.90,0
529,SUBROS,M,0,0,853,872,877,881,880,869,-8,-0.92,0
529,TATAELXSI,L,0,1,4998,5167,5450,5434,5417,5400,-50,-0.93,0
531,WABAG,M,0,0,1297,1292,1287,1295,1306,1275,-12,-0.94,0
531,SCHNEIDER,,0,0,697,710,742,743,747,735,-7,-0.95,0
533,ICICIBANK,L,0,1,1368,1358,1368,1364,1364,1355,-13,-0.96,0
533,JSFB,M,0,0,419,421,419,419,421,415,-4,-0.96,0